{
  "avg_pnl": "-46.717450759782780149619817985",
  "failed": 93,
  "option_pnl": "-4998.7672312967574760093205244",
  "success_rate": 53.5,
  "successful": 107,
  "total_sessions": 200,
  "win_rate": 31.77570093457944
}